date,VJY0001M Index,VJY0003M Index,VJY0006M Index,TI0001M Index,TI0003M Index,TI0005M Index,VUS0001M Index,VUS0003M Index,VUS0006M Index,GJGB1 Index,GJGB2 Index,GJGB5 Index,GJGB10 Index,GJGB20 Index,month_02,month_03,month_04,month_05,month_06,month_07,month_08,month_09,month_10,month_11,month_12
2000-01-31,0.11567,0.16969,0.2598,0.095,0.13429,0.16357,,,,0.13,0.34,0.955,1.735,2.24,0,0,0,0,0,0,0,0,0,0,0
2000-02-29,0.10703,0.17179,0.27654,0.125,0.135,0.15929,,,,0.165,0.38,1.14,1.852,2.355,1,0,0,0,0,0,0,0,0,0,0
2000-03-31,0.107,0.17326,0.31053,0.11857,0.14071,0.16643,,,,0.28,0.465,1.145,1.781,2.16,0,1,0,0,0,0,0,0,0,0,0
2000-04-28,0.10521,0.17015,0.34374,0.09571,0.12714,0.17929,,,,0.21,0.375,1.08,1.764,2.15,0,0,1,0,0,0,0,0,0,0,0
2000-05-31,0.10111,0.20383,0.37754,0.08929,0.10929,0.15786,,,,0.21,0.4,1.03,1.665,2.04,0,0,0,1,0,0,0,0,0,0,0
2000-06-30,0.09722,0.26916,0.41058,0.15429,0.23,0.25857,,,,0.34,0.52,1.11,1.761,2.1,0,0,0,0,1,0,0,0,0,0,0
2000-07-31,0.21579,0.34091,0.44035,0.13571,0.22429,0.29286,,,,0.27,0.4,1.02,1.683,2.17,0,0,0,0,0,1,0,0,0,0,0
2000-08-31,0.31881,0.37174,0.4512,0.40786,0.41,0.44429,,,,0.475,0.64,1.255,1.887,2.355,0,0,0,0,0,0,1,0,0,0,0
2000-09-29,0.32022,0.36341,0.42457,0.36571,0.54,0.53571,,,,0.48,0.61,1.17,1.847,2.475,0,0,0,0,0,0,0,1,0,0,0
2000-10-31,0.31825,0.35658,0.38275,0.34286,0.54714,0.55429,,,,0.41,0.5,1.07,1.813,2.5,0,0,0,0,0,0,0,0,1,0,0
2000-11-30,0.32118,0.35345,0.33605,0.68214,0.59071,0.58571,,,,0.43,0.48,0.94,1.622,2.155,0,0,0,0,0,0,0,0,0,1,0
2000-12-29,0.32014,0.3159,0.29276,0.54357,0.58643,0.58,,,,0.415,0.47,0.96,1.646,2.16,0,0,0,0,0,0,0,0,0,0,1
2001-01-31,0.32884,0.2478,0.2483,0.42786,0.50786,0.50429,,,,0.31,0.36,0.805,1.498,1.945,0,0,0,0,0,0,0,0,0,0,0
2001-02-28,0.2081,0.17879,0.20977,0.39643,0.37571,0.36643,,,,0.195,0.225,0.63,1.35,1.795,1,0,0,0,0,0,0,0,0,0,0
2001-03-30,0.1191,0.1492,0.19405,0.11357,0.11714,0.11714,,,,0.068,0.136,0.543,1.278,1.729,0,1,0,0,0,0,0,0,0,0,0
2001-04-30,0.10646,0.14914,0.19243,0.07692,0.09462,0.10385,,,,0.025,0.104,0.519,1.339,1.944,0,0,1,0,0,0,0,0,0,0,0
2001-05-31,0.10598,0.15185,0.19606,0.06308,0.08,0.09,,,,0.01,0.06,0.389,1.245,1.871,0,0,0,1,0,0,0,0,0,0,0
2001-06-29,0.10645,0.14811,0.20186,0.06846,0.08846,0.09,,,,0.01,0.059,0.365,1.194,1.811,0,0,0,0,1,0,0,0,0,0,0
2001-07-31,0.1004,0.13842,0.20572,0.06538,0.09,0.10154,,,,0.016,0.092,0.411,1.339,2.04,0,0,0,0,0,1,0,0,0,0,0
2001-08-31,0.0942,0.13346,0.20623,0.07154,0.07154,0.08846,,,,0.044,0.087,0.465,1.379,2.011,0,0,0,0,0,0,1,0,0,0,0
2001-09-28,0.09211,0.1316,0.20475,0.06077,0.08308,0.08385,,,,0.026,0.087,0.509,1.415,2.029,0,0,0,0,0,0,0,1,0,0,0
2001-10-31,0.09168,0.1271,0.19898,0.06077,0.08154,0.09231,,,,0.044,0.124,0.474,1.315,1.978,0,0,0,0,0,0,0,0,1,0,0
2001-11-30,0.09131,0.12205,0.19299,0.09077,0.08308,0.09846,,,,0.051,0.151,0.527,1.364,1.998,0,0,0,0,0,0,0,0,0,1,0
2001-12-31,0.09092,0.1219,0.18709,0.06923,0.10462,0.10154,,,,0.046,0.117,0.548,1.368,2.024,0,0,0,0,0,0,0,0,0,0,1
2002-01-31,0.09036,0.12225,0.18173,0.06167,0.1,0.1,,,,0.035,0.14,0.7,1.485,2.179,0,0,0,0,0,0,0,0,0,0,0
2002-02-28,0.09085,0.12234,0.17847,0.14917,0.14,0.13,,,,0.03,0.13,0.639,1.53,2.134,1,0,0,0,0,0,0,0,0,0,0
2002-03-29,0.09174,0.1223,0.17854,0.09917,0.11917,0.12083,,,,0.012,0.05,0.515,1.395,2.029,0,1,0,0,0,0,0,0,0,0,0
2002-04-30,0.09224,0.12247,0.17884,0.07167,0.09667,0.10917,,,,0.021,0.053,0.496,1.38,2.04,0,0,1,0,0,0,0,0,0,0,0
2002-05-31,0.09206,0.12228,0.17893,0.0625,0.08,0.0975,,,,0.022,0.074,0.48,1.394,2.019,0,0,0,1,0,0,0,0,0,0,0
2002-06-28,0.0922,0.12185,0.17903,0.0575,0.0925,0.0925,,,,0.02,0.069,0.414,1.32,1.954,0,0,0,0,1,0,0,0,0,0,0
2002-07-31,0.09091,0.12258,0.17899,0.05417,0.08833,0.10083,,,,0.021,0.043,0.409,1.318,1.97,0,0,0,0,0,1,0,0,0,0,0
2002-08-30,0.08835,0.1223,0.17889,0.0725,0.07583,0.09,,,,0.01,0.03,0.294,1.185,1.822,0,0,0,0,0,0,1,0,0,0,0
2002-09-30,0.09003,0.1201,0.17871,0.05917,0.0825,0.08333,,,,0.02,0.06,0.344,1.186,1.829,0,0,0,0,0,0,0,1,0,0,0
2002-10-31,0.08467,0.11357,0.17828,0.05667,0.08,0.09917,,,,0.02,0.045,0.269,0.994,1.615,0,0,0,0,0,0,0,0,1,0,0
2002-11-29,0.08455,0.11031,0.17393,0.07833,0.07917,0.09917,,,,0.02,0.065,0.3,1.002,1.602,0,0,0,0,0,0,0,0,0,1,0
2002-12-31,0.0833,0.10912,0.1675,0.06083,0.09917,0.09917,,,,0.029,0.06,0.303,0.909,1.525,0,0,0,0,0,0,0,0,0,0,1
2003-01-31,0.07636,0.10723,0.15966,0.05917,0.09917,0.09917,,,,0.029,0.05,0.26,0.812,1.291,0,0,0,0,0,0,0,0,0,0,0
2003-02-28,0.06852,0.10733,0.15511,0.09083,0.09167,0.09167,,,,0.029,0.06,0.265,0.79,1.295,1,0,0,0,0,0,0,0,0,0,0
2003-03-31,0.06565,0.10474,0.15358,0.0625,0.08,0.08083,1.38357,,,0.04,0.07,0.25,0.709,1.119,0,1,0,0,0,0,0,0,0,0,0
2003-04-30,0.06457,0.10171,0.15214,0.06,0.07917,0.09,1.37222,,,0.024,0.059,0.219,0.615,0.924,0,0,1,0,0,0,0,0,0,0,0
2003-05-30,0.06317,0.09707,0.15071,0.06,0.07917,0.09,1.33755,1.29897,,0.018,0.05,0.164,0.54,0.904,0,0,0,1,0,0,0,0,0,0,0
2003-06-30,0.0634,0.09307,0.14029,0.06,0.09,0.09,1.14179,1.23191,,0.02,0.084,0.355,0.846,1.236,0,0,0,0,1,0,0,0,0,0,0
2003-07-31,0.06169,0.08972,0.13222,0.06,0.09,0.09833,1.13586,1.22701,,0.025,0.08,0.319,0.945,1.514,0,0,0,0,0,1,0,0,0,0,0
2003-08-29,0.06097,0.08723,0.12272,0.08417,0.08917,0.1,1.13749,1.23232,1.36838,0.046,0.2,0.705,1.464,1.855,0,0,0,0,0,0,1,0,0,0,0
2003-09-30,0.0606,0.08431,0.11656,0.06,0.09333,0.09583,1.13062,1.23871,1.372,0.05,0.195,0.669,1.394,1.856,0,0,0,0,0,0,0,1,0,0,0
2003-10-31,0.0593,0.08197,0.10881,0.06,0.08833,0.10583,1.14995,1.23703,1.37213,0.035,0.155,0.644,1.469,1.985,0,0,0,0,0,0,0,0,1,0,0
2003-11-28,0.05863,0.08017,0.10404,0.07167,0.08,0.1,1.14997,1.22718,1.3639,0.024,0.155,0.555,1.304,1.788,0,0,0,0,0,0,0,0,0,1,0
2003-12-31,0.05724,0.07923,0.09926,0.06,0.09583,0.09583,1.11951,1.22073,1.35664,0.023,0.125,0.606,1.37,1.866,0,0,0,0,0,0,0,0,0,0,1
2004-01-30,0.05721,0.07779,0.09696,0.06,0.08917,0.09,1.13183,1.21617,1.39142,0.02,0.08,0.51,1.322,1.871,0,0,0,0,0,0,0,0,0,0,0
2004-02-27,0.05651,0.07603,0.09564,0.07417,0.08917,0.09,1.14527,1.19503,1.44724,0.02,0.065,0.449,1.235,1.844,1,0,0,0,0,0,0,0,0,0,0
2004-03-31,0.05548,0.07472,0.09329,0.06,0.08,0.08083,1.11441,1.18455,1.54559,0.02,0.13,0.63,1.45,1.974,0,1,0,0,0,0,0,0,0,0,0
2004-04-30,0.05527,0.07361,0.09199,0.06,0.08,0.09833,1.08166,1.267,1.66918,0.034,0.15,0.675,1.54,2.107,0,0,1,0,0,0,0,0,0,0,0
2004-05-31,0.05466,0.07226,0.09074,0.06,0.08,0.0975,1.12196,1.41141,1.81645,0.034,0.15,0.659,1.529,2.109,0,0,0,1,0,0,0,0,0,0,0
2004-06-30,0.05402,0.0716,0.08949,0.06,0.09,0.095,1.38261,1.60592,2.00113,0.047,0.179,0.835,1.786,2.32,0,0,0,0,1,0,0,0,0,0,0
2004-07-30,0.05379,0.07112,0.08885,0.06,0.09,0.10333,1.55321,1.76162,2.14722,0.06,0.221,0.894,1.859,2.453,0,0,0,0,0,1,0,0,0,0,0
2004-08-31,0.0535,0.07057,0.0872,0.07,0.08667,0.09917,1.70281,1.92232,2.31851,0.035,0.169,0.67,1.544,2.159,0,0,0,0,0,0,1,0,0,0,0
2004-09-30,0.05386,0.07038,0.08628,0.06,0.09,0.09,1.87387,2.08295,2.48431,0.034,0.14,0.632,1.449,2.07,0,0,0,0,0,0,0,1,0,0,0
2004-10-29,0.05345,0.06884,0.0848,0.06,0.08833,0.11,2.0081,2.20142,2.64338,0.029,0.13,0.629,1.499,2.125,0,0,0,0,0,0,0,0,1,0,0
2004-11-30,0.05332,0.06756,0.08289,0.06833,0.08667,0.1075,2.1799,2.38818,2.82787,0.01,0.115,0.59,1.454,2.089,0,0,0,0,0,0,0,0,0,1,0
2004-12-31,0.05328,0.06738,0.0822,0.06083,0.10167,0.10167,2.24852,2.56711,2.98631,0.01,0.115,0.61,1.441,2.07,0,0,0,0,0,0,0,0,0,0,1
2005-01-31,0.05286,0.0666,0.08094,0.06,0.09917,0.1,2.59479,2.76632,3.15403,0.023,0.1,0.535,1.33,1.984,0,0,0,0,0,0,0,0,0,0,0
2005-02-28,0.05218,0.06536,0.08025,0.07917,0.0975,0.1,2.68424,2.91708,3.2949,0.023,0.139,0.63,1.475,2.086,1,0,0,0,0,0,0,0,0,0,0
2005-03-31,0.05284,0.06442,0.07895,0.0625,0.08417,0.08667,2.84056,3.05462,3.44588,0.023,0.11,0.544,1.33,1.94,0,1,0,0,0,0,0,0,0,0,0
2005-04-29,0.05148,0.06326,0.07795,0.06,0.08,0.0975,3.04409,3.2005,3.58586,0.01,0.09,0.45,1.245,1.895,0,0,1,0,0,0,0,0,0,0,0
2005-05-31,0.05114,0.06216,0.0769,0.05917,0.08,0.095,3.10532,3.37518,3.74132,0.01,0.09,0.445,1.249,1.924,0,0,0,1,0,0,0,0,0,0,0
2005-06-30,0.05063,0.06093,0.07603,0.06,0.09,0.09,3.3037,3.56214,3.92497,0.008,0.08,0.41,1.174,1.859,0,0,0,0,1,0,0,0,0,0,0
2005-07-29,0.04911,0.06044,0.07533,0.05917,0.09,0.1,3.52981,3.72196,4.07975,0.012,0.12,0.529,1.313,2.009,0,0,0,0,0,1,0,0,0,0,0
2005-08-31,0.04852,0.05983,0.07478,0.07083,0.09,0.1,3.66852,3.90599,4.25627,0.015,0.145,0.56,1.349,1.994,0,0,0,0,0,0,1,0,0,0,0
2005-09-30,0.04863,0.05988,0.07429,0.06083,0.09083,0.09583,3.78731,4.09769,4.42421,0.015,0.235,0.78,1.484,2.07,0,0,0,0,0,0,0,1,0,0,0
2005-10-31,0.04752,0.05977,0.07396,0.06,0.09,0.11,4.08248,4.25275,4.599,0.096,0.291,0.85,1.554,2.082,0,0,0,0,0,0,0,0,1,0,0
2005-11-30,0.04702,0.05934,0.07695,0.06833,0.09,0.11,4.25311,4.40499,4.74132,0.067,0.23,0.745,1.44,1.99,0,0,0,0,0,0,0,0,0,1,0
2005-12-30,0.04741,0.05909,0.08254,0.0625,0.10333,0.10833,4.24273,4.54108,4.8729,0.06,0.292,0.86,1.48,1.98,0,0,0,0,0,0,0,0,0,0,1
2006-01-31,0.04685,0.05918,0.10529,0.06273,0.10455,0.11091,4.57141,4.73777,5.0424,0.068,0.299,0.915,1.57,2.07,0,0,0,0,0,0,0,0,0,0,0
2006-02-28,0.04773,0.06433,0.14277,0.09182,0.11182,0.12,4.64924,4.86294,5.15882,0.11,0.475,1.09,1.595,2.009,1,0,0,0,0,0,0,0,0,0,0
2006-03-31,0.04761,0.07588,0.18591,0.08273,0.12818,0.15182,4.81821,5.0002,5.27322,0.145,0.69,1.31,1.78,2.054,0,1,0,0,0,0,0,0,0,0,0
2006-04-28,0.0619,0.113,0.22694,0.08364,0.14364,0.18364,4.93574,5.12858,5.35475,0.271,0.675,1.36,1.93,2.235,0,0,1,0,0,0,0,0,0,0,0
2006-05-31,0.08003,0.19754,0.26801,0.14636,0.27,0.33091,5.06196,5.27706,5.42842,0.453,0.84,1.325,1.84,2.183,0,0,0,1,0,0,0,0,0,0,0
2006-06-30,0.18013,0.26824,0.30372,0.18273,0.34727,0.39636,5.24829,5.37348,5.47638,0.476,0.849,1.42,1.93,2.304,0,0,0,0,1,0,0,0,0,0,0
2006-07-31,0.29396,0.31012,0.32469,0.35636,0.44182,0.49818,5.34571,5.41414,5.48441,0.534,0.834,1.4,1.929,2.348,0,0,0,0,0,1,0,0,0,0,0
2006-08-31,0.29833,0.31127,0.33773,0.38545,0.43818,0.48273,5.3677,5.427,5.48307,0.358,0.65,1.085,1.63,2.125,0,0,0,0,0,0,1,0,0,0,0
2006-09-29,0.30344,0.31189,0.37655,0.36636,0.44091,0.48636,5.36862,5.43511,5.48201,0.33,0.66,1.139,1.675,2.175,0,0,0,0,0,0,0,1,0,0,0
2006-10-31,0.29749,0.31209,0.42011,0.36455,0.45182,0.51364,5.39104,5.41441,5.47069,0.514,0.735,1.19,1.72,2.168,0,0,0,0,0,0,0,0,1,0,0
2006-11-30,0.29858,0.33806,0.46612,0.38364,0.50455,0.56545,5.38998,5.40369,5.44181,0.559,0.821,1.2,1.655,2.11,0,0,0,0,0,0,0,0,0,1,0
2006-12-29,0.3035,0.41651,0.50609,0.41727,0.54182,0.58818,5.30486,5.39862,5.41316,0.515,0.805,1.251,1.685,2.07,0,0,0,0,0,0,0,0,0,0,1
2007-01-31,0.38075,0.5097,0.55065,0.41,0.54182,0.58364,5.36159,5.40887,5.39219,0.532,0.728,1.185,1.705,2.164,0,0,0,0,0,0,0,0,0,0,0
2007-02-28,0.54146,0.56813,0.57397,0.63455,0.66273,0.69,5.37846,5.37283,5.29311,0.642,0.835,1.194,1.636,2.058,1,0,0,0,0,0,0,0,0,0,0
2007-03-30,0.5663,0.5688,0.57341,0.63091,0.66364,0.68909,5.33746,5.32069,5.23998,0.597,0.82,1.195,1.659,2.11,0,1,0,0,0,0,0,0,0,0,0
2007-04-30,0.55934,0.56432,0.57255,0.61583,0.65417,0.69583,5.2528,5.2693,5.12999,0.671,0.871,1.235,1.66,2.095,0,0,1,0,0,0,0,0,0,0,0
2007-05-31,0.54192,0.5537,0.56874,0.62083,0.67,0.72167,5.22665,5.11615,4.96574,0.685,0.984,1.35,1.753,2.143,0,0,0,1,0,0,0,0,0,0,0
2007-06-29,0.54955,0.55249,0.56783,0.62333,0.73333,0.77583,5.18846,5.05853,4.76665,0.73,1.025,1.478,1.879,2.244,0,0,0,0,1,0,0,0,0,0,0
2007-07-31,0.53179,0.55578,0.56459,0.63083,0.7675,0.81917,4.80483,4.89604,4.46269,0.785,0.986,1.38,1.8,2.21,0,0,0,0,0,1,0,0,0,0,0
2007-08-31,0.53805,0.55825,0.5662,0.72917,0.84,0.8825,5.05596,4.73298,4.1237,0.714,0.88,1.169,1.613,2.131,0,0,0,0,0,0,1,0,0,0,0
2007-09-28,0.55945,0.55761,0.56699,0.70417,0.84833,0.88583,4.73566,4.43278,3.63263,0.675,0.87,1.204,1.685,2.184,0,0,0,0,0,0,0,1,0,0,0
2007-10-31,0.53904,0.54786,0.56499,0.65667,0.85,0.8925,4.32028,3.97395,3.17752,0.655,0.79,1.095,1.61,2.184,0,0,0,0,0,0,0,0,1,0,0
2007-11-30,0.53608,0.5486,0.56501,0.81583,0.86833,0.9,4.07011,3.46823,2.816,0.606,0.77,1.04,1.478,2.058,0,0,0,0,0,0,0,0,0,1,0
2007-12-31,0.5306,0.55083,0.56618,0.695,0.86,0.89,3.46071,2.74442,2.49631,0.579,0.715,1.015,1.51,2.1,0,0,0,0,0,0,0,0,0,0,1
2008-01-31,0.54153,0.55668,0.56839,0.62583,0.85,0.875,2.75496,2.33759,2.27079,0.494,0.55,0.889,1.44,2.112,0,0,0,0,0,0,0,0,0,0,0
2008-02-29,0.54284,0.55589,0.56855,0.80333,0.85167,0.875,1.95886,2.14014,2.17615,0.536,0.565,0.839,1.365,2.015,1,0,0,0,0,0,0,0,0,0,0
2008-03-31,0.54887,0.55621,0.56559,0.69,0.83917,0.86833,2.27299,2.23174,2.1385,0.546,0.575,0.749,1.284,2.085,0,1,0,0,0,0,0,0,0,0,0
2008-04-30,0.53974,0.55507,0.56467,0.66917,0.83917,0.87083,2.16055,2.19311,1.84913,0.663,0.785,1.159,1.585,2.203,0,0,1,0,0,0,0,0,0,0,0
2008-05-30,0.54396,0.55651,0.53593,0.7125,0.84333,0.88167,2.22123,2.19917,1.56564,0.696,0.915,1.335,1.759,2.28,0,0,0,1,0,0,0,0,0,0,0
2008-06-30,0.5442,0.55144,0.48674,0.6675,0.855,0.88167,2.15452,2.0406,1.22274,0.65,0.805,1.18,1.601,2.175,0,0,0,0,1,0,0,0,0,0,0
2008-07-31,0.544,0.55275,0.42167,0.65167,0.85333,0.8875,2.17624,1.48985,0.90724,0.644,0.79,1.114,1.539,2.195,0,0,0,0,0,1,0,0,0,0,0
2008-08-29,0.5291,0.49542,0.36139,0.76,0.85083,0.885,1.78492,0.93814,0.63081,0.588,0.726,0.981,1.415,2.091,0,0,0,0,0,0,1,0,0,0,0
2008-09-30,0.54761,0.40341,0.29526,0.715,0.86583,0.89417,0.53266,0.40843,0.38949,0.63,0.764,1.054,1.472,2.139,0,0,0,0,0,0,0,1,0,0,0
2008-10-31,0.36581,0.27481,0.2277,0.745,0.88917,0.9075,0.41867,0.33591,0.3555,0.501,0.553,0.868,1.476,2.115,0,0,0,0,0,0,0,0,1,0,0
2008-11-28,0.28431,0.21591,0.19589,0.85167,0.87583,0.9,0.26361,0.34287,0.34599,0.538,0.601,0.875,1.399,2.088,0,0,0,0,0,0,0,0,0,1,0
2008-12-31,0.18898,0.18197,0.1765,0.55583,0.7425,0.775,0.32,0.39525,0.37012,0.331,0.38,0.689,1.174,1.704,0,0,0,0,0,0,0,0,0,0,1
2009-01-30,0.19031,0.18991,0.17487,0.42833,0.73083,0.7675,0.44317,0.4013,0.37782,0.31,0.406,0.743,1.297,1.904,0,0,0,0,0,0,0,0,0,0,0
2009-02-27,0.20073,0.19392,0.17598,0.63833,0.71417,0.75583,0.40394,0.37726,0.36077,0.324,0.405,0.705,1.28,1.907,1,0,0,0,0,0,0,0,0,0,0
2009-03-31,0.2095,0.23122,0.17876,0.4175,0.65083,0.71,0.33341,0.37036,0.34618,0.295,0.42,0.79,1.353,1.955,0,1,0,0,0,0,0,0,0,0,0
2009-04-30,0.21444,0.24799,0.18159,0.36909,0.60727,0.67909,0.36909,0.37557,0.33234,0.243,0.392,0.823,1.432,2.023,0,0,1,0,0,0,0,0,0,0,0
2009-05-29,0.21666,0.2541,0.22204,0.35364,0.57909,0.66727,0.38522,0.36812,0.31498,0.184,0.359,0.82,1.49,2.155,0,0,0,1,0,0,0,0,0,0,0
2009-06-30,0.21791,0.25929,0.26852,0.33273,0.57273,0.64727,0.34229,0.35214,0.30009,0.191,0.32,0.725,1.359,2.034,0,0,0,0,1,0,0,0,0,0,0
2009-07-31,0.22522,0.26512,0.28321,0.32455,0.55727,0.64091,0.33389,0.32994,0.28561,0.191,0.285,0.714,1.419,2.151,0,0,0,0,0,1,0,0,0,0,0
2009-08-31,0.22444,0.2684,0.2874,0.33909,0.54818,0.63636,0.32134,0.31761,0.28146,0.169,0.254,0.614,1.31,2.091,0,0,0,0,0,0,1,0,0,0,0
2009-09-30,0.22742,0.2729,0.29066,0.31909,0.54273,0.62273,0.25433,0.31303,0.29013,0.171,0.25,0.601,1.301,2.054,0,0,0,0,0,0,0,1,0,0,0
2009-10-30,0.22675,0.28336,0.2965,0.31273,0.53364,0.62,0.26582,0.3203,0.32041,0.18,0.264,0.679,1.415,2.141,0,0,0,0,0,0,0,0,1,0,0
2009-11-30,0.2227,0.29154,0.30082,0.30818,0.51727,0.61,0.29762,0.33872,0.35551,0.182,0.234,0.545,1.266,2.029,0,0,0,0,0,0,0,0,0,1,0
2009-12-31,0.2172,0.30031,0.30587,0.26909,0.46364,0.55091,0.24964,0.35164,0.37643,0.139,0.152,0.473,1.295,2.106,0,0,0,0,0,0,0,0,0,0,1
2010-01-29,0.22194,0.31008,0.31166,0.26,0.45364,0.53727,0.28269,0.3851,0.41719,0.124,0.164,0.5,1.325,2.123,0,0,0,0,0,0,0,0,0,0,0
2010-02-26,0.21904,0.31663,0.32432,0.25636,0.44636,0.52636,0.32289,0.41266,0.466,0.123,0.165,0.505,1.305,2.146,1,0,0,0,0,0,0,0,0,0,0
2010-03-31,0.21424,0.31518,0.33045,0.25,0.43818,0.52091,0.34772,0.42806,0.54338,0.123,0.181,0.559,1.4,2.175,0,1,0,0,0,0,0,0,0,0,0
2010-04-30,0.2142,0.31611,0.33874,0.23231,0.39923,0.48462,0.37143,0.43916,0.60661,0.132,0.17,0.47,1.29,2.056,0,0,1,0,0,0,0,0,0,0,0
2010-05-31,0.21565,0.31638,0.38315,0.22462,0.39,0.47615,0.36441,0.44503,0.6449,0.134,0.17,0.438,1.265,2.03,0,0,0,1,0,0,0,0,0,0,0
2010-06-30,0.21568,0.31492,0.45481,0.22,0.38846,0.46846,0.37992,0.45666,0.64414,0.134,0.155,0.354,1.091,1.814,0,0,0,0,1,0,0,0,0,0,0
2010-07-30,0.2165,0.31428,0.46592,0.21,0.38,0.45769,0.38612,0.45983,0.63797,0.135,0.155,0.358,1.074,1.753,0,0,0,0,0,1,0,0,0,0,0
2010-08-31,0.21145,0.3129,0.46548,0.20077,0.36846,0.44615,0.39558,0.46297,0.62704,0.115,0.126,0.261,0.971,1.671,0,0,0,0,0,0,1,0,0,0,0
2010-09-30,0.21341,0.31196,0.46483,0.19,0.36,0.43077,0.38948,0.46204,0.60906,0.12,0.141,0.268,0.94,1.68,0,0,0,0,0,0,0,1,0,0,0
2010-10-29,0.21262,0.30968,0.46021,0.18,0.34,0.41538,0.38373,0.46439,0.5871,0.12,0.145,0.304,0.939,1.829,0,0,0,0,0,0,0,0,1,0,0
2010-11-30,0.20859,0.31008,0.45635,0.18,0.34,0.41538,0.34753,0.44122,0.57242,0.156,0.2,0.45,1.194,1.99,0,0,0,0,0,0,0,0,0,1,0
2010-12-31,0.20655,0.30976,0.45301,0.18,0.34,0.41308,0.33992,0.42355,0.59739,0.144,0.18,0.409,1.128,1.861,0,0,0,0,0,0,0,0,0,0,1
2011-01-31,0.21437,0.30296,0.45142,0.18,0.34,0.41308,0.3086,0.38903,0.60231,0.145,0.205,0.495,1.219,1.979,0,0,0,0,0,0,0,0,0,0,0
2011-02-28,0.20863,0.29467,0.44971,0.18,0.34,0.41308,0.29297,0.35814,0.59047,0.181,0.25,0.555,1.264,2.008,1,0,0,0,0,0,0,0,0,0,0
2011-03-31,0.18417,0.28849,0.4483,0.18,0.34,0.41308,0.23088,0.33596,0.58075,0.151,0.21,0.5,1.26,2.046,0,1,0,0,0,0,0,0,0,0,0
2011-04-29,0.18925,0.29159,0.45108,0.18,0.34,0.41286,0.21561,0.31915,0.57987,0.165,0.205,0.475,1.21,2.03,0,0,1,0,0,0,0,0,0,0,0
2011-05-31,0.19033,0.29635,0.45269,0.18,0.34,0.41286,0.22602,0.32443,0.58518,0.15,0.184,0.43,1.165,1.965,0,0,0,1,0,0,0,0,0,0,0
2011-06-30,0.19431,0.3001,0.45425,0.18,0.34,0.41214,0.17771,0.32813,0.58447,0.135,0.175,0.43,1.14,1.895,0,0,0,0,1,0,0,0,0,0,0
2011-07-29,0.20243,0.30246,0.45539,0.18,0.34,0.41214,0.22795,0.34276,0.59555,0.127,0.155,0.376,1.082,1.863,0,0,0,0,0,1,0,0,0,0,0
2011-08-31,0.20164,0.30156,0.45577,0.18,0.33643,0.40857,0.22994,0.34868,0.60371,0.115,0.14,0.344,1.034,1.845,0,0,0,0,0,0,1,0,0,0,0
2011-09-30,0.20163,0.3009,0.45639,0.18,0.33643,0.40857,0.21988,0.33807,0.61723,0.123,0.147,0.373,1.032,1.73,0,0,0,0,0,0,0,1,0,0,0
2011-10-31,0.19756,0.30127,0.45544,0.18,0.33643,0.40857,0.24255,0.32709,0.63048,0.12,0.152,0.386,1.047,1.803,0,0,0,0,0,0,0,0,1,0,0
2011-11-30,0.19559,0.30293,0.45668,0.18,0.33643,0.40857,0.21839,0.3373,0.64423,0.117,0.141,0.378,1.072,1.829,0,0,0,0,0,0,0,0,0,1,0
2011-12-30,0.19619,0.30485,0.45654,0.18,0.33643,0.40857,0.24827,0.39355,0.66501,0.118,0.136,0.349,0.988,1.763,0,0,0,0,0,0,0,0,0,0,1
2012-01-31,0.18848,0.30308,0.45742,0.18,0.33643,0.40857,0.28091,0.43786,0.67849,0.121,0.128,0.339,0.967,1.735,0,0,0,0,0,0,0,0,0,0,0
2012-02-29,0.17888,0.29688,0.45769,0.18,0.33643,0.40857,0.32199,0.47116,0.68513,0.111,0.112,0.297,0.963,1.757,1,0,0,0,0,0,0,0,0,0,0
2012-03-30,0.16695,0.28553,0.45808,0.18,0.33643,0.40857,0.30578,0.4968,0.69333,0.109,0.118,0.318,0.989,1.755,0,1,0,0,0,0,0,0,0,0,0
2012-04-30,0.16902,0.28701,0.45991,0.18,0.33615,0.40846,0.33362,0.51238,0.70705,0.103,0.108,0.263,0.897,1.707,0,0,1,0,0,0,0,0,0,0,0
2012-05-31,0.1546,0.28831,0.46007,0.18,0.33615,0.40846,0.34948,0.5208,0.72641,0.103,0.105,0.207,0.824,1.619,0,0,0,1,0,0,0,0,0,0,0
2012-06-29,0.15649,0.2831,0.46107,0.18,0.33667,0.40917,0.32402,0.52782,0.73405,0.103,0.114,0.22,0.837,1.666,0,0,0,0,1,0,0,0,0,0,0
2012-07-31,0.15756,0.28333,0.46053,0.18,0.32833,0.4,0.31706,0.548,0.75897,0.103,0.103,0.198,0.794,1.615,0,0,0,0,0,1,0,0,0,0,0
2012-08-31,0.15673,0.28247,0.46021,0.18,0.32833,0.4,0.36699,0.56114,0.77252,0.098,0.095,0.209,0.797,1.657,0,0,0,0,0,0,1,0,0,0,0
2012-09-28,0.15355,0.26388,0.45894,0.18,0.32833,0.39917,0.37133,0.54589,0.76167,0.098,0.098,0.197,0.778,1.642,0,0,0,0,0,0,0,1,0,0,0
2012-10-31,0.1531,0.24173,0.45655,0.18,0.32833,0.39667,0.35304,0.50445,0.74652,0.098,0.1,0.199,0.775,1.709,0,0,0,0,0,0,0,0,1,0,0
2012-11-30,0.14992,0.2397,0.45464,0.18,0.31917,0.39,0.34879,0.46353,0.72396,0.097,0.098,0.174,0.716,1.678,0,0,0,0,0,0,0,0,0,1,0
2012-12-31,0.14563,0.23434,0.45379,0.18,0.30917,0.37917,0.25928,0.43602,0.68506,0.097,0.098,0.185,0.791,1.753,0,0,0,0,0,0,0,0,0,0,1
2013-01-31,0.15014,0.22923,0.44426,0.18,0.29417,0.365,0.26001,0.43266,0.66044,0.083,0.075,0.149,0.754,1.775,0,0,0,0,0,0,0,0,0,0,0
2013-02-28,0.145,0.22353,0.434,0.17,0.27,0.34,0.27863,0.41368,0.62873,0.067,0.051,0.123,0.663,1.624,1,0,0,0,0,0,0,0,0,0,0
2013-03-29,0.13564,0.22117,0.42998,0.16,0.25,0.32,0.27182,0.37968,0.60639,0.067,0.052,0.136,0.551,1.387,0,1,0,0,0,0,0,0,0,0,0
2013-04-30,0.1375,0.2204,0.42821,0.15,0.23,0.29833,0.19818,0.33522,0.5948,0.102,0.128,0.26,0.609,1.494,0,0,1,0,0,0,0,0,0,0,0
2013-05-31,0.13806,0.21721,0.42604,0.15,0.23,0.29833,0.17635,0.31254,0.59218,0.112,0.146,0.35,0.857,1.626,0,0,0,1,0,0,0,0,0,0,0
2013-06-28,0.13681,0.20627,0.42524,0.15,0.23,0.29833,0.1677,0.29499,0.59147,0.102,0.132,0.313,0.853,1.71,0,0,0,0,1,0,0,0,0,0,0
2013-07-31,0.13615,0.2016,0.42423,0.15,0.23,0.29818,0.16028,0.29471,0.587,0.102,0.117,0.292,0.802,1.716,0,0,0,0,0,1,0,0,0,0,0
2013-08-30,0.13402,0.1958,0.42107,0.15,0.23,0.29818,0.16576,0.29802,0.57938,0.102,0.108,0.263,0.72,1.646,0,0,0,0,0,0,1,0,0,0,0
2013-09-30,0.13164,0.19327,0.41105,0.15,0.23,0.29818,0.21481,0.30258,0.571,0.093,0.108,0.243,0.686,1.57,0,0,0,0,0,0,0,1,0,0,0
2013-10-31,0.13432,0.19094,0.38775,0.14818,0.22091,0.28909,0.19324,0.27965,0.54469,0.083,0.098,0.2,0.595,1.484,0,0,0,0,0,0,0,0,1,0,0
2013-11-29,0.13405,0.19106,0.36424,0.14818,0.22091,0.28909,0.17675,0.26456,0.53063,0.083,0.089,0.185,0.605,1.484,0,0,0,0,0,0,0,0,0,1,0
2013-12-31,0.13188,0.1905,0.34412,0.14818,0.22091,0.28909,0.14438,0.26275,0.51786,0.09,0.094,0.246,0.741,1.591,0,0,0,0,0,0,0,0,0,0,1
2014-01-31,0.13534,0.18758,0.34184,0.14818,0.22,0.28909,0.14982,0.26819,0.5053,0.082,0.082,0.198,0.622,1.462,0,0,0,0,0,0,0,0,0,0,0
2014-02-28,0.13279,0.18441,0.33986,0.14636,0.21182,0.27909,0.18126,0.26895,0.49382,0.067,0.074,0.181,0.586,1.443,1,0,0,0,0,0,0,0,0,0,0
2014-03-31,0.12388,0.18223,0.33824,0.14636,0.21182,0.27818,0.17129,0.27143,0.47021,0.083,0.089,0.2,0.642,1.51,0,1,0,0,0,0,0,0,0,0,0
2014-04-30,0.12551,0.18244,0.33564,0.14636,0.21182,0.27818,0.16399,0.27442,0.46213,0.078,0.092,0.197,0.627,1.491,0,0,1,0,0,0,0,0,0,0,0
2014-05-30,0.12519,0.18251,0.33047,0.14636,0.21,0.27727,0.19406,0.27788,0.46578,0.08,0.09,0.176,0.578,1.441,0,0,0,1,0,0,0,0,0,0,0
2014-06-30,0.12292,0.18267,0.32914,0.14636,0.21,0.27727,0.1826,0.26266,0.46985,0.073,0.073,0.169,0.566,1.427,0,0,0,0,1,0,0,0,0,0,0
2014-07-31,0.12466,0.17984,0.32782,0.14636,0.21,0.27182,0.17381,0.2622,0.46923,0.053,0.067,0.158,0.538,1.404,0,0,0,0,0,1,0,0,0,0,0
2014-08-29,0.12451,0.17805,0.32365,0.14636,0.21,0.27182,0.15646,0.26741,0.46826,0.053,0.075,0.162,0.496,1.329,0,0,0,0,0,0,1,0,0,0,0
2014-09-30,0.11379,0.17706,0.32384,0.14636,0.21,0.27182,0.1753,0.28768,0.47459,0.062,0.077,0.175,0.531,1.353,0,0,0,0,0,0,0,1,0,0,0
2014-10-31,0.11946,0.1811,0.32379,0.13909,0.19091,0.25364,0.19019,0.29017,0.4818,0.023,0.033,0.119,0.458,1.29,0,0,0,0,0,0,0,0,1,0,0
2014-11-28,0.12175,0.1829,0.32429,0.13273,0.18182,0.24273,0.21725,0.28812,0.48011,0.003,0.008,0.106,0.421,1.181,0,0,0,0,0,0,0,0,0,1,0
2014-12-31,0.1257,0.18349,0.32506,0.13182,0.18091,0.24,0.18329,0.2815,0.47704,-0.019,-0.022,0.03,0.329,1.055,0,0,0,0,0,0,0,0,0,0,1
2015-01-30,0.12648,0.17889,0.32485,0.13,0.17273,0.23182,0.18359,0.29392,0.48345,0.014,0.009,0.046,0.278,1.036,0,0,0,0,0,0,0,0,0,0,0
2015-02-27,0.12292,0.17639,0.32477,0.13,0.17182,0.23182,0.19477,0.29742,0.49782,0.008,0.018,0.073,0.335,1.154,1,0,0,0,0,0,0,0,0,0,0
2015-03-31,0.10872,0.1761,0.32455,0.13,0.17182,0.23182,0.2253,0.29933,0.49826,0.04,0.046,0.141,0.405,1.135,0,1,0,0,0,0,0,0,0,0,0
2015-04-30,0.11671,0.17917,0.32628,0.13,0.17182,0.23182,0.18998,0.29995,0.4913,0.01,0.012,0.09,0.342,1.105,0,0,1,0,0,0,0,0,0,0,0
2015-05-29,0.12085,0.18013,0.32717,0.13,0.17091,0.23182,0.20383,0.33078,0.48745,0.005,0.004,0.09,0.394,1.194,0,0,0,1,0,0,0,0,0,0,0
2015-06-30,0.11852,0.18063,0.32569,0.13,0.17091,0.23182,0.22624,0.33879,0.50909,0.008,0.009,0.127,0.465,1.207,0,0,0,0,1,0,0,0,0,0,0
2015-07-31,0.12076,0.17642,0.32454,0.13,0.17091,0.23182,0.27898,0.33402,0.5529,0.01,0.01,0.1,0.415,1.166,0,0,0,0,0,1,0,0,0,0,0
2015-08-31,0.12142,0.17476,0.31415,0.13,0.17091,0.23182,0.22163,0.30118,0.58827,0.003,0.015,0.068,0.38,1.145,0,0,0,0,0,0,1,0,0,0,0
2015-09-30,0.11779,0.17038,0.2915,0.13,0.17091,0.23182,0.21004,0.33432,0.62556,0.01,0.02,0.066,0.356,1.136,0,0,0,0,0,0,0,1,0,0,0
2015-10-30,0.12085,0.16307,0.26395,0.13,0.17091,0.23182,0.18465,0.42486,0.66469,0.013,0.007,0.043,0.309,1.07,0,0,0,0,0,0,0,0,1,0,0
2015-11-30,0.11927,0.14824,0.23719,0.13,0.17091,0.23182,0.33036,0.52746,0.70086,-0.001,-0.005,0.041,0.307,1.067,0,0,0,0,0,0,0,0,0,1,0
2015-12-31,0.11223,0.12108,0.20072,0.13,0.17091,0.23182,0.49302,0.56777,0.72424,-0.048,-0.009,0.028,0.265,1.004,0,0,0,0,0,0,0,0,0,0,1
2016-01-29,0.08153,0.08747,0.1723,0.13,0.17091,0.23182,0.48583,0.55358,0.72057,-0.067,-0.072,-0.065,0.1,0.813,0,0,0,0,0,0,0,0,0,0,0
2016-02-29,0.04164,0.05318,0.1524,0.07364,0.09909,0.23182,0.4468,0.52785,0.71947,-0.172,-0.235,-0.223,-0.06,0.544,1,0,0,0,0,0,0,0,0,0,0
2016-03-31,0.01255,0.03477,0.13849,0.07364,0.09909,0.23182,0.44574,0.55063,0.73099,-0.182,-0.184,-0.182,-0.029,0.445,0,1,0,0,0,0,0,0,0,0,0
2016-04-29,-0.01473,0.03098,0.12798,0.03455,0.06273,0.23182,0.40622,0.568,0.74343,-0.263,-0.236,-0.195,-0.075,0.318,0,0,1,0,0,0,0,0,0,0,0
2016-05-31,-0.01433,0.03586,0.12489,0.03455,0.06273,0.23182,0.50925,0.59427,0.74583,-0.262,-0.233,-0.225,-0.105,0.251,0,0,0,1,0,0,0,0,0,0,0
2016-06-30,-0.00498,0.03623,0.1156,0.03273,0.06091,0.23182,0.49219,0.59522,0.74158,-0.322,-0.295,-0.306,-0.217,0.076,0,0,0,0,1,0,0,0,0,0,0
2016-07-29,-0.00545,0.0307,0.11254,0.03182,0.06,0.23182,0.47934,0.60415,0.76271,-0.265,-0.25,-0.266,-0.19,0.183,0,0,0,0,0,1,0,0,0,0,0
2016-08-31,-0.01474,0.02803,0.10868,0.03182,0.06,0.23182,0.51078,0.58354,0.78534,-0.216,-0.196,-0.173,-0.063,0.344,0,0,0,0,0,0,1,0,0,0,0
2016-09-30,-0.00203,0.03027,0.10941,0.03,0.05727,0.23182,0.51785,0.5721,0.81917,-0.318,-0.287,-0.245,-0.089,0.352,0,0,0,0,0,0,0,1,0,0,0
2016-10-31,-0.01535,0.02638,0.09619,0.03,0.05727,0.23182,0.41297,0.6102,0.88211,-0.289,-0.239,-0.189,-0.048,0.385,0,0,0,0,0,0,0,0,1,0,0
2016-11-30,-0.0099,0.02917,0.09401,0.03,0.05727,0.23182,0.47531,0.67555,0.96473,-0.233,-0.157,-0.094,0.025,0.453,0,0,0,0,0,0,0,0,0,1,0
2016-12-30,-0.01351,0.02924,0.0897,0.03,0.05727,0.23182,0.61516,0.75509,1.07167,-0.268,-0.18,-0.108,0.046,0.581,0,0,0,0,0,0,0,0,0,0,1
2017-01-31,-0.00778,0.02596,0.08559,0.03,0.05727,0.23182,0.61535,0.85185,1.16903,-0.275,-0.194,-0.09,0.087,0.662,0,0,0,0,0,0,0,0,0,0,0
2017-02-28,-0.01014,0.01987,0.07937,0.03,0.05727,0.23182,0.70396,0.94299,1.2502,-0.245,-0.263,-0.138,0.056,0.631,1,0,0,0,0,0,0,0,0,0,0
2017-03-31,-0.02546,0.01286,0.07269,0.03,0.05727,0.23182,0.90309,1.0607,1.32309,-0.245,-0.186,-0.118,0.07,0.638,0,1,0,0,0,0,0,0,0,0,0
2017-04-28,-0.02901,0.01187,0.07307,0.03,0.05727,0.23182,0.89092,1.13251,1.36053,-0.209,-0.209,-0.154,0.018,0.565,0,0,1,0,0,0,0,0,0,0,0
2017-05-31,-0.02893,0.01338,0.07133,0.03,0.05727,0.23182,1.06957,1.22006,1.41157,-0.168,-0.158,-0.113,0.049,0.574,0,0,0,1,0,0,0,0,0,0,0
2017-06-30,-0.02793,0.00756,0.06987,0.03,0.05727,0.23182,1.13607,1.24286,1.44889,-0.127,-0.12,-0.064,0.086,0.593,0,0,0,0,1,0,0,0,0,0,0
2017-07-31,-0.02281,0.01314,0.06859,0.03,0.05727,0.23182,1.13457,1.24444,1.50521,-0.123,-0.113,-0.058,0.083,0.593,0,0,0,0,0,1,0,0,0,0,0
2017-08-31,-0.03407,0.00845,0.06887,0.03,0.05727,0.23182,1.14177,1.25876,1.55155,-0.151,-0.161,-0.136,0.009,0.544,0,0,0,0,0,0,1,0,0,0,0
2017-09-29,-0.01514,0.00907,0.06666,0.03455,0.05727,0.23182,1.14412,1.308,1.62528,-0.153,-0.121,-0.08,0.068,0.581,0,0,0,0,0,0,0,1,0,0,0
2017-10-31,-0.02759,0.00472,0.05847,0.04364,0.06727,0.23182,1.19011,1.41873,1.74929,-0.165,-0.16,-0.094,0.071,0.598,0,0,0,0,0,0,0,0,1,0,0
2017-11-30,-0.02364,0.00338,0.04987,0.04545,0.06727,0.23182,1.30803,1.49614,1.85546,-0.174,-0.156,-0.111,0.039,0.572,0,0,0,0,0,0,0,0,0,1,0
2017-12-29,-0.02416,-0.00498,0.04113,0.04545,0.06727,0.23182,1.46285,1.59573,1.95437,-0.145,-0.132,-0.101,0.048,0.572,0,0,0,0,0,0,0,0,0,0,1
2018-01-31,-0.0245,-0.01285,0.03337,0.05545,0.06909,0.23182,1.43381,1.73775,2.05502,-0.13,-0.131,-0.078,0.085,0.593,0,0,0,0,0,0,0,0,0,0,0
2018-02-28,-0.0447,-0.02085,0.02279,0.05545,0.06909,0.23182,1.60449,1.86407,2.13399,-0.157,-0.156,-0.106,0.053,0.55,1,0,0,0,0,0,0,0,0,0,0
2018-03-30,-0.0482,-0.02552,0.01897,0.05545,0.06909,0.23182,1.85145,1.96698,2.2042,-0.135,-0.133,-0.101,0.049,0.534,0,1,0,0,0,0,0,0,0,0,0
2018-04-30,-0.04968,-0.02895,0.01716,0.05364,0.06909,0.23182,1.8342,2.03403,2.26759,-0.134,-0.132,-0.1,0.055,0.535,0,0,1,0,0,0,0,0,0,0,0
2018-05-31,-0.05849,-0.02941,0.01278,0.05364,0.06909,0.23182,1.93139,2.09999,2.33708,-0.14,-0.142,-0.118,0.04,0.514,0,0,0,1,0,0,0,0,0,0,0
2018-06-29,-0.05748,-0.02689,0.01258,0.05364,0.06909,0.23182,2.03972,2.1436,2.41553,-0.121,-0.115,-0.108,0.036,0.502,0,0,0,0,1,0,0,0,0,0,0
2018-07-31,-0.0487,-0.02442,0.01367,0.05364,0.06909,0.23182,2.019,2.23946,2.50713,-0.112,-0.106,-0.089,0.062,0.537,0,0,0,0,0,1,0,0,0,0,0
2018-08-31,-0.04931,-0.02809,0.01308,0.06455,0.06909,0.23182,2.05847,2.3427,2.58835,-0.111,-0.112,-0.076,0.107,0.624,0,0,0,0,0,0,1,0,0,0,0
2018-09-28,-0.05118,-0.03172,0.01521,0.06455,0.06909,0.23182,2.29497,2.45197,2.66028,-0.121,-0.111,-0.067,0.13,0.657,0,0,0,0,0,0,0,1,0,0,0
2018-10-31,-0.06432,-0.03378,0.01413,0.06273,0.06909,0.23182,2.32681,2.5623,2.71428,-0.143,-0.123,-0.08,0.127,0.651,0,0,0,0,0,0,0,0,1,0,0
2018-11-30,-0.06303,-0.03041,0.01655,0.06273,0.06909,0.23182,2.42635,2.62417,2.7485,-0.144,-0.129,-0.1,0.092,0.596,0,0,0,0,0,0,0,0,0,1,0
2018-12-31,-0.05899,-0.02368,0.01755,0.06273,0.06909,0.23182,2.59406,2.65649,2.76176,-0.146,-0.141,-0.142,0.003,0.494,0,0,0,0,0,0,0,0,0,0,1
2019-01-31,-0.05323,-0.02536,0.01572,0.06091,0.06909,0.23182,2.51351,2.6549,2.75605,-0.173,-0.164,-0.158,0.005,0.453,0,0,0,0,0,0,0,0,0,0,0
2019-02-28,-0.04124,-0.02656,0.01701,0.06273,0.06909,0.23182,2.51405,2.66304,2.71291,-0.152,-0.152,-0.156,-0.022,0.424,1,0,0,0,0,0,0,0,0,0,0
2019-03-29,-0.06651,-0.03288,0.015,0.06091,0.06909,0.23182,2.58363,2.66642,2.66861,-0.17,-0.169,-0.195,-0.081,0.339,0,1,0,0,0,0,0,0,0,0,0
2019-04-30,-0.05942,-0.03528,0.0215,0.06091,0.06909,0.23182,2.52462,2.65999,2.56568,-0.157,-0.149,-0.161,-0.04,0.371,0,0,1,0,0,0,0,0,0,0,0
2019-05-31,-0.06334,-0.0338,0.02344,0.06909,0.06727,0.23182,2.49194,2.5728,2.42495,-0.16,-0.171,-0.193,-0.094,0.296,0,0,0,1,0,0,0,0,0,0,0
2019-06-28,-0.07532,-0.03299,0.02737,0.06545,0.06727,0.23182,2.55279,2.50596,2.28951,-0.197,-0.217,-0.256,-0.158,0.227,0,0,0,0,1,0,0,0,0,0,0
2019-07-31,-0.05207,-0.01679,0.03213,0.06545,0.06727,0.23182,2.23804,2.30715,2.13381,-0.173,-0.202,-0.236,-0.153,0.21,0,0,0,0,0,1,0,0,0,0,0
2019-08-30,-0.06301,-0.01581,0.03581,0.07727,0.06727,0.23182,2.28228,2.12508,2.04759,-0.255,-0.296,-0.345,-0.269,0.06,0,0,0,0,0,0,1,0,0,0,0
2019-09-30,-0.02913,-0.00895,0.0367,0.07727,0.06727,0.23182,1.97329,1.90846,1.79804,-0.295,-0.315,-0.355,-0.213,0.21,0,0,0,0,0,0,0,1,0,0,0
2019-10-31,-0.05177,-0.01534,0.03363,0.07727,0.06727,0.23182,1.66812,1.79417,1.4814,-0.208,-0.23,-0.263,-0.133,0.233,0,0,0,0,0,0,0,0,1,0,0
2019-11-29,-0.04624,-0.00845,0.03221,0.06909,0.06727,0.23182,1.64659,1.79669,1.24379,-0.158,-0.169,-0.171,-0.073,0.26,0,0,0,0,0,0,0,0,0,1,0
2019-12-31,-0.05117,-0.01281,0.02927,0.06909,0.06909,0.23182,1.64161,1.50233,0.9858,-0.117,-0.131,-0.118,-0.011,0.288,0,0,0,0,0,0,0,0,0,0,1
2020-01-31,-0.03161,-0.01332,0.03034,0.06909,0.06909,0.23182,1.68496,0.99331,0.74394,-0.134,-0.143,-0.166,-0.066,0.234,0,0,0,0,0,0,0,0,0,0,0
2020-02-28,-0.06037,-0.02197,0.02796,0.07909,0.06909,0.23182,0.83266,0.51661,0.5144,-0.212,-0.248,-0.255,-0.153,0.158,1,0,0,0,0,0,0,0,0,0,0
2020-03-31,-0.05355,-0.02418,0.02562,0.08,0.06909,0.23182,0.12159,0.29438,0.41409,-0.146,-0.135,-0.093,0.022,0.326,0,1,0,0,0,0,0,0,0,0,0
2020-04-30,-0.06327,-0.0233,0.02765,0.07,0.06909,0.23182,0.15066,0.32701,0.44171,-0.181,-0.175,-0.152,-0.03,0.305,0,0,1,0,0,0,0,0,0,0,0
2020-05-29,-0.0668,-0.02036,0.02892,0.04091,0.06909,0.23182,0.1884,0.34269,0.45389,-0.154,-0.151,-0.126,0.005,0.353,0,0,0,1,0,0,0,0,0,0,0
2020-06-30,-0.04969,-0.02283,0.03206,0.04091,0.06909,0.23182,0.22092,0.34964,0.46167,-0.18,-0.131,-0.1,0.028,0.409,0,0,0,0,1,0,0,0,0,0,0
2020-07-31,-0.05284,-0.02015,0.03289,0.04727,0.06909,0.23182,0.19997,0.3463,0.46348,-0.137,-0.121,-0.114,0.02,0.384,0,0,0,0,0,1,0,0,0,0,0
2020-08-31,-0.07441,-0.02062,0.03484,0.08,0.06909,0.23182,0.20125,0.34814,0.47205,-0.096,-0.108,-0.07,0.051,0.432,0,0,0,0,0,0,1,0,0,0,0
2020-09-30,-0.04326,-0.01269,0.04026,0.06,0.07909,0.23182,0.20215,0.347,0.47224,-0.13,-0.127,-0.111,0.016,0.402,0,0,0,0,0,0,0,1,0,0,0
2020-10-30,-0.0555,-0.01357,0.0413,0.05818,0.07909,0.23182,0.19964,0.34206,0.46847,-0.113,-0.115,-0.091,0.042,0.418,0,0,0,0,0,0,0,0,1,0,0
2020-11-30,-0.04953,-0.00955,0.04345,0.08818,0.07909,0.23182,0.19796,0.32838,0.46674,-0.117,-0.118,-0.094,0.032,0.403,0,0,0,0,0,0,0,0,0,1,0
2020-12-31,-0.04362,-0.00669,0.04225,0.07818,0.07909,0.23182,0.18655,0.30328,0.45688,-0.099,-0.115,-0.109,0.021,0.405,0,0,0,0,0,0,0,0,0,0,1
2021-01-29,-0.03978,-0.00488,0.03875,0.07818,0.07909,0.23182,0.15698,0.28328,0.45334,-0.106,-0.111,-0.109,0.054,0.461,0,0,0,0,0,0,0,0,0,0,0
2021-02-26,-0.04326,-0.00535,0.03548,0.07727,0.07909,0.23182,0.12948,0.27318,0.4545,-0.108,-0.106,-0.057,0.162,0.558,1,0,0,0,0,0,0,0,0,0,0
2021-03-31,-0.04222,-0.01054,0.03379,0.07727,0.06909,0.23182,0.12448,0.27732,0.46121,-0.111,-0.124,-0.09,0.095,0.494,0,1,0,0,0,0,0,0,0,0,0
2021-04-30,-0.04542,-0.01786,0.03147,0.08455,0.06909,0.23182,0.12448,0.29051,0.46733,-0.119,-0.122,-0.081,0.097,0.463,0,0,1,0,0,0,0,0,0,0,0
2021-05-31,-0.05681,-0.02363,0.02786,0.08545,0.06909,0.23182,0.13867,0.3031,0.47356,-0.102,-0.126,-0.093,0.087,0.453,0,0,0,1,0,0,0,0,0,0,0
2021-06-30,-0.06441,-0.0213,0.02808,0.08545,0.05909,0.23182,0.16448,0.31161,0.47783,-0.1,-0.093,-0.096,0.058,0.441,0,0,0,0,1,0,0,0,0,0,0
2021-07-30,-0.06225,-0.01868,0.03096,0.08545,0.05727,0.23182,0.16448,0.31084,0.47762,-0.126,-0.116,-0.121,0.022,0.394,0,0,0,0,0,1,0,0,0,0,0
2021-08-31,-0.04968,-0.02012,0.03338,0.08545,0.05727,0.23182,0.16448,0.31084,0.47755,-0.102,-0.126,-0.108,0.025,0.406,0,0,0,0,0,0,1,0,0,0,0
2021-09-30,-0.05637,-0.02203,0.03552,0.07545,0.05727,0.23182,0.16207,0.31073,0.49446,-0.099,-0.123,-0.076,0.072,0.45,0,0,0,0,0,0,0,1,0,0,0
2021-10-29,-0.06614,-0.01888,0.0381,0.07545,0.05727,0.23182,0.16448,0.31108,0.53384,-0.099,-0.095,-0.067,0.099,0.474,0,0,0,0,0,0,0,0,1,0,0
2021-11-30,-0.05547,-0.01256,0.04162,0.08545,0.05727,0.23182,0.16415,0.31095,0.64673,-0.123,-0.124,-0.091,0.057,0.453,0,0,0,0,0,0,0,0,0,1,0
2021-12-31,-0.04741,-0.00632,0.03992,0.07545,0.06727,0.23182,0.16319,0.34751,0.82007,-0.065,-0.089,-0.075,0.071,0.479,0,0,0,0,0,0,0,0,0,0,1
2022-01-31,-0.04755,-0.00383,0.04065,0.07545,0.06727,0.23182,0.16412,0.4271,1.06864,-0.075,-0.049,-0.016,0.178,0.57,0,0,0,0,0,0,0,0,0,0,0
2022-02-28,-0.03701,-0.00372,0.04132,0.08545,0.06727,0.23182,0.25734,0.64549,1.44052,-0.059,-0.025,0.016,0.192,0.665,1,0,0,0,0,0,0,0,0,0,0
2022-03-31,-0.04054,-0.01343,0.0346,0.08545,0.06727,0.23182,0.4021,0.95583,1.84039,-0.058,-0.03,0.044,0.22,0.726,0,1,0,0,0,0,0,0,0,0,0
2022-04-29,-0.04649,-0.0142,0.02911,0.07545,0.06727,0.23182,0.80624,1.36079,2.29193,-0.076,-0.054,0.015,0.23,0.758,0,0,1,0,0,0,0,0,0,0,0
2022-05-31,-0.06562,-0.01349,0.02065,0.08182,0.06727,0.23182,1.20327,1.92855,2.80644,-0.09,-0.072,0.007,0.243,0.765,0,0,0,1,0,0,0,0,0,0,0
2022-06-30,-0.0429,-0.01683,0.01538,0.08182,0.06727,0.23182,1.6709,2.38013,3.29925,-0.101,-0.058,0.025,0.231,0.896,0,0,0,0,1,0,0,0,0,0,0
2022-07-29,-0.04355,-0.02777,0.01468,0.08,0.06727,0.23182,2.39755,2.85816,3.75292,-0.132,-0.077,-0.023,0.185,0.851,0,0,0,0,0,1,0,0,0,0,0
2022-08-31,-0.07588,-0.04487,0.01383,0.08091,0.06364,0.23182,2.58351,3.3457,4.14097,-0.122,-0.082,0.012,0.226,0.86,0,0,0,0,0,0,1,0,0,0,0
2022-09-30,-0.07683,-0.05209,0.01891,0.05727,0.05364,0.23182,3.1501,3.87377,4.50356,-0.125,-0.049,0.068,0.244,1.011,0,0,0,0,0,0,0,1,0,0,0
2022-10-31,-0.09485,-0.04218,0.02465,0.05636,0.05364,0.23182,3.83984,4.31413,4.80905,-0.116,-0.046,0.082,0.248,1.06,0,0,0,0,0,0,0,0,1,0,0
2022-11-30,-0.09778,-0.02685,0.02651,0.06818,0.05364,0.23182,4.17621,4.57627,5.03563,-0.085,-0.023,0.117,0.253,1.138,0,0,0,0,0,0,0,0,0,1,0
2022-12-30,-0.04892,-0.00934,0.02723,0.06818,0.06364,0.23182,4.42508,4.76408,5.20747,0.018,0.039,0.232,0.422,1.307,0,0,0,0,0,0,0,0,0,0,1
2023-01-31,-0.04663,-0.00702,0.02264,0.05182,0.07455,0.23182,4.6551,4.94107,5.34779,-0.068,-0.017,0.193,0.496,1.386,0,0,0,0,0,0,0,0,0,0,0
2023-02-28,-0.04533,-0.01928,0.0153,0.06273,0.07455,0.23182,4.71894,5.10621,5.46947,-0.08,-0.032,0.216,0.505,1.196,1,0,0,0,0,0,0,0,0,0,0
2023-03-31,-0.04195,-0.03573,0.00904,0.06273,0.07455,0.23182,4.93533,5.25657,5.59147,-0.098,-0.056,0.102,0.351,1.028,0,1,0,0,0,0,0,0,0,0,0
2023-04-28,-0.08201,-0.04555,0.008,0.05182,0.07455,0.23182,5.13397,5.33647,5.67322,-0.108,-0.037,0.11,0.394,1.004,0,0,1,0,0,0,0,0,0,0,0
2023-05-31,-0.09238,-0.04926,0.01473,0.04455,0.07455,0.23182,5.17976,5.44504,5.72803,-0.118,-0.051,0.095,0.436,1.024,0,0,0,1,0,0,0,0,0,0,0
2023-06-30,-0.07517,-0.04568,0.02311,0.04455,0.07,0.23182,5.21621,5.52659,5.77417,-0.119,-0.067,0.065,0.401,1.0,0,0,0,0,1,0,0,0,0,0,0
2023-07-31,-0.09315,-0.03735,0.02803,0.04545,0.07,0.23182,5.42655,5.60217,5.81608,-0.088,0.005,0.18,0.612,1.249,0,0,0,0,0,1,0,0,0,0,0
2023-08-31,-0.08133,-0.02061,0.03761,0.06636,0.07,0.23182,5.4309,5.60817,5.81679,-0.074,0.032,0.227,0.651,1.387,0,0,0,0,0,0,1,0,0,0,0
2023-09-29,-0.05169,-0.00759,0.04845,0.05636,0.07,0.23182,5.43482,5.61719,5.81735,-0.064,0.05,0.316,0.765,1.482,0,0,0,0,0,0,0,1,0,0,0
2023-10-31,-0.04297,-0.00607,0.06567,0.05636,0.07,0.23182,5.44522,5.6235,5.81946,-0.013,0.146,0.459,0.947,1.721,0,0,0,0,0,0,0,0,1,0,0
2023-11-30,-0.04049,-0.00365,0.08047,0.05545,0.07,0.23182,5.45894,5.6197,5.81843,-0.058,0.029,0.257,0.672,1.431,0,0,0,0,0,0,0,0,0,1,0
2023-12-29,-0.04749,0.00502,0.09443,0.06545,0.08,0.23182,5.45256,5.61216,5.81703,-0.033,0.053,0.207,0.614,1.389,0,0,0,0,0,0,0,0,0,0,1
2024-01-31,-0.03535,0.03841,0.11153,0.06364,0.08091,0.23182,5.43401,5.60948,5.81954,-0.035,0.081,0.308,0.732,1.544,0,0,0,0,0,0,0,0,0,0,0
2024-02-29,-0.01328,0.06489,0.14739,0.06455,0.10091,0.23182,5.43616,5.61083,5.82389,0.032,0.179,0.364,0.709,1.457,1,0,0,0,0,0,0,0,0,0,0
2024-03-29,0.04641,0.08436,0.18217,0.19273,0.26091,0.23182,5.44467,5.61615,5.79909,0.049,0.188,0.358,0.727,1.497,0,1,0,0,0,0,0,0,0,0,0
2024-04-30,0.04685,0.08465,0.20702,0.19273,0.25727,0.23182,5.43914,5.62322,5.71793,0.099,0.289,0.477,0.879,1.653,0,0,1,0,0,0,0,0,0,0,0
2024-05-31,0.0471,0.13181,0.23182,0.19545,0.28727,0.23182,5.44976,5.63048,5.6059,0.23,0.405,0.647,1.07,1.879,0,0,0,1,0,0,0,0,0,0,0
2024-06-28,0.04726,0.17893,0.25502,0.19818,0.30727,0.23182,5.46564,5.57567,5.47371,0.187,0.366,0.587,1.057,1.893,0,0,0,0,1,0,0,0,0,0,0
2024-07-31,0.18988,0.23068,0.28676,0.26,0.36727,0.23182,5.46098,5.40461,5.29042,0.282,0.456,0.668,1.056,1.836,0,0,0,0,0,1,0,0,0,0,0
2024-08-30,0.19452,0.23229,0.32568,0.33909,0.44727,0.23182,5.28354,5.18126,5.12771,0.26,0.374,0.505,0.898,1.719,0,0,0,0,0,0,1,0,0,0,0
2024-09-30,0.19468,0.23239,0.36775,0.34182,0.43727,0.23182,4.96896,4.96433,4.98308,0.223,0.392,0.507,0.861,1.68,0,0,0,0,0,0,0,1,0,0,0
2024-10-31,0.19482,0.24322,0.4091,0.34364,0.45,0.23182,4.77464,4.78349,4.89599,0.306,0.446,0.586,0.952,1.788,0,0,0,0,0,0,0,0,1,0,0
2024-11-29,0.19481,0.3194,0.44863,0.39455,0.57,0.23182,4.65178,4.68584,4.8389,0.466,0.589,0.721,1.048,1.86,0,0,0,0,0,0,0,0,0,1,0
2024-12-31,0.21886,0.4034,0.49116,0.41909,0.62,0.23182,4.44459,4.61606,4.80091,0.427,0.605,0.745,1.101,1.901,0,0,0,0,0,0,0,0,0,0,1
2025-01-31,0.44191,0.47913,0.52918,0.59455,0.76727,0.23182,4.46593,4.62297,4.80351,0.549,0.727,0.909,1.245,1.936,0,0,0,0,0,0,0,0,0,0,0
2025-02-28,0.44121,0.47891,0.52907,0.62455,0.79182,0.23182,4.44843,4.60957,4.80414,0.614,0.81,1.01,1.378,2.034,1,0,0,0,0,0,0,0,0,0,0
2025-03-31,0.44099,0.47897,0.52912,0.60636,0.82091,0.23182,4.46516,4.60498,4.80015,0.624,0.836,1.102,1.49,2.233,0,1,0,0,0,0,0,0,0,0,0
2025-04-30,0.44116,0.47915,0.52918,0.60727,0.78364,0.23182,4.42603,4.6032,4.77642,0.553,0.677,0.894,1.317,2.205,0,0,1,0,0,0,0,0,0,0,0
2025-05-30,0.44145,0.47923,0.52931,0.60364,0.77545,0.23182,4.4352,4.61755,4.72548,0.569,0.741,1.014,1.501,2.41,0,0,0,1,0,0,0,0,0,0,0
2025-06-30,0.44155,0.47923,0.54018,0.60364,0.77273,0.23182,4.45981,4.61393,4.63709,0.578,0.75,0.98,1.432,2.346,0,0,0,0,1,0,0,0,0,0,0
2025-07-31,0.44125,0.47911,0.58206,0.59273,0.77273,0.23182,4.4699,4.56591,4.52256,0.649,0.823,1.096,1.557,2.544,0,0,0,0,0,1,0,0,0,0,0
2025-08-29,0.44145,0.47935,0.5855,0.60182,0.77273,0.23182,4.43031,4.45394,4.52256,0.717,0.871,1.148,1.602,2.61,0,0,0,0,0,0,1,0,0,0,0
2025-09-30,0.44135,0.50117,0.5855,0.60182,0.81818,0.23182,4.32302,4.28068,4.52256,0.765,0.944,1.23,1.648,2.609,0,0,0,0,0,0,0,1,0,0,0
2025-10-31,0.44202,0.58542,0.5855,0.59909,0.80909,0.23182,4.11166,4.10136,4.52256,0.721,0.925,1.231,1.669,2.6,0,0,0,0,0,0,0,0,1,0,0
2025-11-28,0.49747,0.58542,0.5855,0.62091,0.80636,0.23182,3.9368,4.10136,4.52256,0.793,0.979,1.326,1.812,2.838,0,0,0,0,0,0,0,0,0,1,0
2025-12-31,0.68843,0.58542,0.5855,0.87273,1.07273,0.23182,3.79372,4.10136,4.52256,0.919,1.178,1.548,2.066,2.984,0,0,0,0,0,0,0,0,0,0,1
